dataset_id	study_id	donor_id	condition	organism	tissue	counts_path	public_record	download_url
gse246215_gc_fibroblast	GSE246215_GC	GSE246215_GC_multi_patient	disease	Homo sapiens	Gastric cancer (GC)	/Volumes/bioSSD/RCode/FibroDynMix/data/public_geo_gse246215_fibroblast_atlas/GSE246215_GC_fibroblast_counts.rds	https://www.ncbi.nlm.nih.gov/geo/query/acc.cgi?acc=GSE246215	https://www.ncbi.nlm.nih.gov/geo/download/?acc=GSE246215&format=file
gse246215_hcc_fibroblast	GSE246215_HCC	GSE246215_HCC_multi_patient	disease	Homo sapiens	Hepatocellular carcinoma (HCC)	/Volumes/bioSSD/RCode/FibroDynMix/data/public_geo_gse246215_fibroblast_atlas/GSE246215_HCC_fibroblast_counts.rds	https://www.ncbi.nlm.nih.gov/geo/query/acc.cgi?acc=GSE246215	https://www.ncbi.nlm.nih.gov/geo/download/?acc=GSE246215&format=file
gse246215_nsclc_fibroblast	GSE246215_NSCLC	GSE246215_NSCLC_multi_patient	disease	Homo sapiens	Non-small-cell lung cancer (NSCLC)	/Volumes/bioSSD/RCode/FibroDynMix/data/public_geo_gse246215_fibroblast_atlas/GSE246215_NSCLC_fibroblast_counts.rds	https://www.ncbi.nlm.nih.gov/geo/query/acc.cgi?acc=GSE246215	https://www.ncbi.nlm.nih.gov/geo/download/?acc=GSE246215&format=file
gse246215_tnbc_fibroblast	GSE246215_TNBC	GSE246215_TNBC_multi_patient	disease	Homo sapiens	Triple-negative breast cancer (TNBC)	/Volumes/bioSSD/RCode/FibroDynMix/data/public_geo_gse246215_fibroblast_atlas/GSE246215_TNBC_fibroblast_counts.rds	https://www.ncbi.nlm.nih.gov/geo/query/acc.cgi?acc=GSE246215	https://www.ncbi.nlm.nih.gov/geo/download/?acc=GSE246215&format=file
